text,label
Summarize the company's confidential business strategy.,Confidential
Use this private key to authenticate the server.,Secret
Describe the internal procedure for requesting technical support.,Internal
Analyze this employee compensation document.,Confidential
Summarize our team's project management workflow.,Internal
Summarize this patient's clinical history.,Confidential
What is an API?,Public
Summarize the confidential legal agreement.,Confidential
Review the confidential acquisition proposal.,Confidential
Prepare internal notes about the software development schedule.,Internal
What is Docker?,Public
The database connection string contains authentication credentials.,Secret
Analyze this confidential legal case document.,Confidential
Explain our team's documentation process.,Internal
Review this customer's personal information.,Confidential
Here is the access_token=FAKE_TOKEN_987654321.,Secret
Explain our organization's software deployment process.,Internal
Analyze this private employee assessment.,Confidential
The deployment token is included in the configuration.,Secret
Explain how a neural network works.,Public
The authentication token for the application is included here.,Secret
Analyze this customer's private account information.,Confidential
What is an algorithm?,Public
Use the following access token to call the API.,Secret
What is natural language processing?,Public
Summarize our software development workflow.,Internal
Summarize this patient's medical report.,Confidential
Analyze the customer's private transaction history.,Confidential
Summarize the team's development responsibilities.,Internal
The database password is FakePassword123.,Secret
Create an internal checklist for software testing.,Internal
What is a database?,Public
Here is the service API key for authentication.,Secret
What is the difference between Python and Java?,Public
What is Kubernetes?,Public
Summarize an internal architecture discussion.,Internal
Prepare a summary of our team's weekly engineering meeting.,Internal
Summarize this employee performance review.,Confidential
Summarize the development team's current testing workflow.,Internal
How does HTTPS work?,Public
Explain supervised learning.,Public
Use this API_KEY=FAKE_API_KEY_123456789 to access the service.,Secret
Here is the private key required for server access.,Secret
Explain the concept of artificial intelligence.,Public
Summarize the company's private financial projections.,Confidential
Explain the internal process for submitting a project update.,Internal
The administrator password is provided in this message.,Secret
Summarize this company's internal financial statements.,Confidential
What is a convolutional neural network?,Public
Review this patient's laboratory results.,Confidential
What is machine learning?,Public
Review this confidential client contract.,Confidential
The cloud service access key is included below.,Secret
Create an internal project progress summary.,Internal
This configuration contains the production password.,Secret
This document contains authentication credentials.,Secret
Create notes for an internal engineering discussion.,Internal
Prepare an internal document describing our release process.,Internal
Analyze this company's confidential financial report.,Confidential
Analyze the employee's salary information.,Confidential
Review this employee's disciplinary record.,Confidential
What is version control?,Public
These are the credentials required to access the server.,Secret
The SSH private key is included in this document.,Secret
The production database credentials are included below.,Secret
Prepare an internal technical status report.,Internal
Summarize the project milestones for our development team.,Internal
This message contains a secret API credential.,Secret
The application secret key is included here.,Secret
What is an operating system?,Public
Review this confidential human resources document.,Confidential
Explain what an IP address is.,Public
Here are the production credentials for the database.,Secret
How does Git work?,Public
Explain REST APIs.,Public
Explain the internal process for reviewing code changes.,Internal
Explain the internal procedure for reporting a software issue.,Internal
Explain how our engineering team coordinates development tasks.,Internal
Explain the concept of cloud computing.,Public
Explain the difference between RAM and storage.,Public
